ID,T1,Year,Haptic Sensations,Correlated User Manipulation,Stimulus,Interfacing method,Ground method,Actuating mechanism,Simple to complex mechanism,web,Meeting name
1,tsai2020elastoscillation,2020,1.3.3 Mass Redistribution/Damped Oscillation,8.0 Shaking,1.0 Whole Proximate Object,2.0 Grasped/ fixed gesture,5.0 Ungrounded,1.0 Off-The-Shelf Components,Others,https://doi.org/10.1145/3313831.3376408,ACM CHI
2,heo2018thor,2018,Not Specified,Not Specified,2.3 Forces/Constraint Across Joint,2.0 Grasped/ fixed gesture,5.0 Ungrounded,1.0 Off-The-Shelf Components,Others,https://doi.org/10.1145/3173574.3174099,ACM CHI
3,zenner2019drag,2019,1.2.2 Shape&1.3.1 Mass,8.0 Shaking,1.0 Whole Proximate Object,2.0 Grasped/ fixed gesture,5.0 Ungrounded,1.0 Off-The-Shelf Components,Others,https://doi.org/10.1145/3290605.3300441,ACM CHI
4,shigeyama2019transcalibur,2019,1.2.2 Shape&1.3.1 Mass,4.0 Unsupported Holding,1.0 Whole Proximate Object,2.0 Grasped/ fixed gesture,5.0 Ungrounded,1.0 Off-The-Shelf Components,Others,https://doi.org/10.1145/3290605.3300241,ACM CHI
5,zenner2017shifty,2017,1.2.2 Shape&1.3.1 Mass,4.0 Unsupported Holding,1.0 Whole Proximate Object,2.0 Grasped/ fixed gesture,5.0 Ungrounded,1.0 Off-The-Shelf Components,2.0 Mechanical Mechanism,https://ieeexplore.ieee.org/document/7833030,IEEE Transactions on Visualization and Computer Graphics
6,je2019aero,2019,1.5 Force/Motion,8.0 Shaking,1.0 Whole Proximate Object,2.0 Grasped/ fixed gesture,5.0 Ungrounded,1.0 Off-The-Shelf Components,None,https://doi.org/10.1145/3332165.3347926,ACM UIST
7,pielot2012pocketnavigator,2012,3.0 Abstracted,9.0 Scanning,2.0 Vibration,2.0 Grasped/ fixed gesture,5.0 Ungrounded,4.0 Exsiting Devices,None,https://dl.acm.org/doi/10.1145/2207676.2208728,ACM CHI
8,arora2019virtualbricks,2019,1.2.2 Shape,All,1.0 Whole Proximate Object,2.0 Grasped/ fixed gesture,5.0 Ungrounded,1.0 Off-The-Shelf Components,1.0 Spatial Distribution,https://doi.org/10.1145/3290605.3300286,ACM CHI
9,arora2019virtualbricks,2019,1.2.2 Shape,All,1.0 Whole Proximate Object,2.0 Grasped/ fixed gesture,5.0 Ungrounded,1.0 Off-The-Shelf Components,5.0 Modularization,https://doi.org/10.1145/3290605.3300286,ACM CHI
10,arora2019virtualbricks,2019,1.4  Mechanical Mechanisms,All,1.0 Whole Proximate Object,2.0 Grasped/ fixed gesture,5.0 Ungrounded,1.0 Off-The-Shelf Components,1.0 Spatial Distribution,https://doi.org/10.1145/3290605.3300286,ACM CHI
11,arora2019virtualbricks,2019,1.4  Mechanical Mechanisms,All,1.0 Whole Proximate Object,2.0 Grasped/ fixed gesture,5.0 Ungrounded,1.0 Off-The-Shelf Components,5.0 Modularization,https://doi.org/10.1145/3290605.3300286,ACM CHI
12,zhu2019haptwist,2019,1.2.2 Shape,All,1.0 Whole Proximate Object,2.0 Grasped/ fixed gesture,5.0 Ungrounded,3.0 Passive,None,https://doi.org/10.1145/3290605.3300923,ACM CHI
13,strasnick2018haptic,2018,1.4  Mechanical Mechanisms,6.0 Function Test,1.0 Whole Proximate Object,2.0 Grasped/ fixed gesture,5.0 Ungrounded,1.0 Off-The-Shelf Components,2.0 Mechanical Mechanism,https://doi.org/10.1145/3173574.3174218,ACM CHI
14,strasnick2018haptic,2018,1.4  Mechanical Mechanisms,7.0 Part Motion Test,1.0 Whole Proximate Object,2.0 Grasped/ fixed gesture,5.0 Ungrounded,1.0 Off-The-Shelf Components,2.0 Mechanical Mechanism,https://doi.org/10.1145/3173574.3174218,ACM CHI
15,yamaoka2013depend,2013,3.0 Abstracted,9.1. Tool-Mediated,2.3 Forces/Constraint Across Joint,2.0 Grasped/ fixed gesture,5.0 Ungrounded,1.0 Off-The-Shelf Components,2.0 Mechanical Mechanism,https://dl.acm.org/doi/10.1145/2501988.2502017,ACM UIST
16,hu2019pneu,2019,1.2.2 Shape,5.0 Enclosure,1.0 Whole Proximate Object,2.0 Grasped/ fixed gesture,2.0 Grounded-On-Different-Body-Part,1.0 Off-The-Shelf Components,5.0 Modularization,https://doi.org/10.1145/3332167.3357107,ACM UIST
17,teng2018pupop,2018,1.2.2 Shape,5.0 Enclosure,1.0 Whole Proximate Object,2.0 Grasped/ fixed gesture,2.0 Grounded-On-Different-Body-Part,1.0 Off-The-Shelf Components,5.0 Modularization,https://doi.org/10.1145/3242587.3242628,ACM UIST
18,suzuki2020lifttiles,2020,1.2.2 Shape,3.0 Static Contact,1.0 Whole Proximate Object,2.0 Grasped/ fixed gesture,1.0 Grounded-Off-Body,1.0 Off-The-Shelf Components,5.0 Modularization,https://doi.org/10.1145/3374920.3374941,ACM TEI
19,suzuki2020lifttiles,2020,1.2.2 Shape,3.0 Static Contact,1.0 Whole Proximate Object,2.0 Grasped/ fixed gesture,1.0 Grounded-Off-Body,1.0 Off-The-Shelf Components,1.0 Spatial Distribution,https://doi.org/10.1145/3374920.3374941,ACM TEI
20,carter2013ultrahaptics,2013,3.0 Abstracted,None,2.0 Vibration,2.0 Grasped/ fixed gesture,5.0 Ungrounded,1.0 Off-The-Shelf Components,None,https://dl.acm.org/doi/10.1145/2501988.2502018,ACM UIST
21,kim2013tactile,2013,1.1.3 Texture,1.0 Lateral Motion,1.1 Partial Proximate Object,2.0 Grasped/ fixed gesture,5.0 Ungrounded,1.0 Off-The-Shelf Components,None,https://dl.acm.org/doi/10.1145/2501988.2502020,ACM UIST
22,sonar2016soft,2015,Not Specified,None,2.0 Vibration,Not specified,Not Specified,1.0 Off-The-Shelf Components,None,https://www.frontiersin.org/article/10.3389/frobt.2015.00038,FRONTIERS IN ROBOTICS AND AI
23,stanley2014d13,2015,1.1.1 Compliance,All,1.1 Partial Proximate Object,1.0 Encountered/free gesture,Not Specified,1.0 Off-The-Shelf Components,Others,https://ieeexplore.ieee.org/document/6775542,IEEE Transactions on Haptics
24,stanley2014d13,2015,1.2.2 Shape,All,1.1 Partial Proximate Object,1.0 Encountered/free gesture,Not Specified,1.0 Off-The-Shelf Components,Others,https://ieeexplore.ieee.org/document/6775542,IEEE Transactions on Haptics
25,gugenheimer2016gyrovr,2016,2.0 Effects,None,2.3 Forces/Constraint Across Joint,3.0 Worn/ free gesture,3.0 Grounded-On-Same-Body-Part,1.0 Off-The-Shelf Components,Others,https://doi.org/10.1145/2984511.2984535,ACM UIST
26,teng2019aarnio,2019,2.0 Effects,None,2.3 Forces/Constraint Across Joint,1.0 Encountered/free gesture,5.0 Ungrounded,1.0 Off-The-Shelf Components,1.0 Spatial Distribution,https://doi.org/10.1145/3290605.3300902,ACM CHI
27,ye2019pull,2019,2.0 Effects,None,2.3 Forces/Constraint Across Joint,2.0 Grasped/ fixed gesture,1.0 Grounded-Off-Body,2.0 Material,None,https://doi.org/10.1145/3332165.3347874,ACM UIST
28,cheng2017mutual,2017,2.0 Effects,None,Others,1.0 Encountered/free gesture,1.0 Grounded-Off-Body,Others,None,https://doi.org/10.1145/3126594.3126667,ACM UIST
29,cheng2015turkdeck,2015,All,3.0 Static Contact,1.0 Whole Proximate Object,1.0 Encountered/free gesture,4.0 Moving-Off-Body,Others,6.0 Movement Platform + Props,https://doi.org/10.1145/2807442.2807463,ACM UIST
30,suzuki2020roomshift,2020,All,All,1.0 Whole Proximate Object,1.0 Encountered/free gesture,4.0 Moving-Off-Body,1.0 Off-The-Shelf Components,6.0 Movement Platform + Props,https://doi.org/10.1145/3313831.3376523,ACM CHI
31,kim2013haptic,2013,1.4  Mechanical Mechanisms,9.1. Tool-Mediated,2.0 Vibration,1.0 Encountered/free gesture,5.0 Ungrounded,1.0 Off-The-Shelf Components,None,https://dl.acm.org/doi/10.1145/2501988.2502041,ACM UIST
32,whitmire2018haptic,2018,All,3.0 Static Contact,1.1 Partial Proximate Object,2.0 Grasped/ fixed gesture,5.0 Ungrounded,1.0 Off-The-Shelf Components,Others,https://doi.org/10.1145/3173574.3173660,ACM CHI
33,hoppe2018vrhapticdrones,2018,All,3.0 Static Contact,1.1 Partial Proximate Object,1.0 Encountered/free gesture,4.0 Moving-Off-Body,1.0 Off-The-Shelf Components,None,https://doi.org/10.1145/3282894.3282898,ACM MUM
34,araujo2016snake,2016,All,3.0 Static Contact,1.1 Partial Proximate Object,1.0 Encountered/free gesture,1.0 Grounded-Off-Body,1.0 Off-The-Shelf Components,None,https://doi.org/10.1145/2839462.2839484,ACM TEI
35,fang2020wireality,2020,1.2.2 Shape,3.0 Static Contact,2.3 Forces/Constraint Across Joint,3.0 Worn/ free gesture,2.0 Grounded-On-Different-Body-Part,1.0 Off-The-Shelf Components,7.0 String + Brake,https://doi.org/10.1145/3313831.3376470,ACM CHI
36,yatani2012spacesense,2012,3.0 Abstracted,None,2.0 Vibration,3.0 Worn/ free gesture,5.0 Ungrounded,1.0 Off-The-Shelf Components,1.0 Spatial Distribution,https://dl.acm.org/doi/10.1145/2207676.2207734,ACM CHI
37,rekimoto2014traxion,2013,3.0 Abstracted,None,2.3 Forces/Constraint Across Joint,1.0 Encountered/free gesture,5.0 Ungrounded,2.0 Material,None,https://dl.acm.org/doi/10.1145/2501988.2502044,ACM UIST
38,tsai2019elasticvr,2019,1.1.1 Compliance,2.0 Pressure,2.3 Forces/Constraint Across Joint,3.0 Worn/ free gesture,2.0 Grounded-On-Different-Body-Part,1.0 Off-The-Shelf Components,7.0 String + Brake,https://doi.org/10.1145/3290605.3300450,ACM CHI
39,tsai2019elasticvr,2019,1.1.1 Compliance,2.0 Pressure,2.3 Forces/Constraint Across Joint,3.0 Worn/ free gesture,2.0 Grounded-On-Different-Body-Part,1.0 Off-The-Shelf Components,3.0 Elastic Material,https://doi.org/10.1145/3290605.3300450,ACM CHI
40,tsai2019elasticvr,2019,1.5 Force/Motion,2.0 Pressure,2.3 Forces/Constraint Across Joint,3.0 Worn/ free gesture,2.0 Grounded-On-Different-Body-Part,1.0 Off-The-Shelf Components,7.0 String + Brake,https://doi.org/10.1145/3290605.3300450,ACM CHI
41,tsai2019elasticvr,2019,1.5 Force/Motion,2.0 Pressure,2.3 Forces/Constraint Across Joint,3.0 Worn/ free gesture,2.0 Grounded-On-Different-Body-Part,1.0 Off-The-Shelf Components,3.0 Elastic Material,https://doi.org/10.1145/3290605.3300450,ACM CHI
42,choi2016wolverine,2016,1.2.2 Shape,5.0 Enclosure,2.3 Forces/Constraint Across Joint,3.0 Worn/ free gesture,2.0 Grounded-On-Different-Body-Part,1.0 Off-The-Shelf Components,8.0 Track + Brake,https://doi.org/10.1145/2984751.2985725,ACM UIST
43,hinchet2018dextres,2018,None,5.0 Enclosure - Grasp,2.3 Forces/Constraint Across Joint,3.0 Worn/ free gesture,2.0 Grounded-On-Different-Body-Part,2.0 Material,7.0 String + Brake,https://doi.org/10.1145/3242587.3242658,ACM UIST
44,hinchet2018dextres,2018,None,None,2.0 Vibration,3.0 Worn/ free gesture,3.0 Grounded-On-Same-Body-Part,1.0 Off-The-Shelf Components,None,https://doi.org/10.1145/3242587.3242657,ACM UIST
45,lee2019torc,2019,1.1.3 Texture,1.0 Lateral Motion,2.3 Forces/Constraint Across Joint,2.0 Grasped/ fixed gesture,5.0 Ungrounded,1.0 Off-The-Shelf Components,None,https://doi.org/10.1145/3290605.3300301,ACM CHI
46,lee2019torc,2019,1.1.3 Texture,2.0 Pressure,2.3 Forces/Constraint Across Joint,2.0 Grasped/ fixed gesture,5.0 Ungrounded,1.0 Off-The-Shelf Components,None,https://doi.org/10.1145/3290605.3300301,ACM CHI
47,lee2019torc,2019,1.1.1 Compliance,1.0 Lateral Motion,2.3 Forces/Constraint Across Joint,2.0 Grasped/ fixed gesture,5.0 Ungrounded,1.0 Off-The-Shelf Components,None,https://doi.org/10.1145/3290605.3300301,ACM CHI
48,lee2019torc,2019,1.1.1 Compliance,2.0 Pressure,2.3 Forces/Constraint Across Joint,2.0 Grasped/ fixed gesture,5.0 Ungrounded,1.0 Off-The-Shelf Components,None,https://doi.org/10.1145/3290605.3300301,ACM CHI
49,choi2017grabity,2017,1.1.1 Compliance,2.0 Pressure,2.3 Forces/Constraint Across Joint,2.0 Grasped/ fixed gesture,5.0 Ungrounded,1.0 Off-The-Shelf Components,8.0 Track + Brake,https://doi.org/10.1145/3126594.3126599,ACM UIST
50,choi2017grabity,2017,1.2.1 Size,2.0 Pressure,2.3 Forces/Constraint Across Joint,2.0 Grasped/ fixed gesture,5.0 Ungrounded,1.0 Off-The-Shelf Components,8.0 Track + Brake,https://doi.org/10.1145/3126594.3126599,ACM UIST
51,choi2017grabity,2017,1.3.1 Mass,4.0 Unsupported Holding,2.1 Stretch On Skin,2.0 Grasped/ fixed gesture,5.0 Ungrounded,1.0 Off-The-Shelf Components,8.0 Track + Brake,https://doi.org/10.1145/3126594.3126599,ACM UIST
52,choi2018claw,2018,1.2.1 Size,Grasp,2.3 Forces/Constraint Across Joint,3.0 Worn/ free gesture,5.0 Ungrounded,1.0 Off-The-Shelf Components,None,https://doi.org/10.1145/3173574.3174228,ACM CHI
53,choi2018claw,2018,1.2.1 Size,9.3 Touch,2.3 Forces/Constraint Across Joint,3.0 Worn/ free gesture,5.0 Ungrounded,1.0 Off-The-Shelf Components,None,https://doi.org/10.1145/3173574.3174229 ,ACM CHI
54,choi2018claw,2018,1.2.1 Size,2.0 Pressure,2.3 Forces/Constraint Across Joint,3.0 Worn/ free gesture,5.0 Ungrounded,1.0 Off-The-Shelf Components,None,https://doi.org/10.1145/3173574.3174229 ,ACM CHI
55,choi2018claw,2018,1.4  Mechanical Mechanisms,Grasp,2.3 Forces/Constraint Across Joint,3.0 Worn/ free gesture,5.0 Ungrounded,1.0 Off-The-Shelf Components,None,https://doi.org/10.1145/3173574.3174229 ,ACM CHI
56,choi2018claw,2018,1.4  Mechanical Mechanisms,9.3 Touch,2.3 Forces/Constraint Across Joint,3.0 Worn/ free gesture,5.0 Ungrounded,1.0 Off-The-Shelf Components,None,https://doi.org/10.1145/3173574.3174229 ,ACM CHI
57,choi2018claw,2018,1.4  Mechanical Mechanisms,2.0 Pressure,2.3 Forces/Constraint Across Joint,3.0 Worn/ free gesture,5.0 Ungrounded,1.0 Off-The-Shelf Components,None,https://doi.org/10.1145/3173574.3174228,ACM CHI
58,choi2018claw,2018,1.1.3 Texture,Grasp,2.0 Vibration,3.0 Worn/ free gesture,5.0 Ungrounded,1.0 Off-The-Shelf Components,None,https://doi.org/10.1145/3173574.3174228,ACM CHI
59,choi2018claw,2018,1.1.3 Texture,9.3 Touch,2.0 Vibration,3.0 Worn/ free gesture,5.0 Ungrounded,1.0 Off-The-Shelf Components,None,https://doi.org/10.1145/3173574.3174229 ,ACM CHI
60,choi2018claw,2018,1.1.3 Texture,2.0 Pressure,2.0 Vibration,3.0 Worn/ free gesture,5.0 Ungrounded,1.0 Off-The-Shelf Components,None,https://doi.org/10.1145/3173574.3174229 ,ACM CHI
61,sinclair2019capstancrunch,2019,1.1.1 Compliance,Grasp,2.3 Forces/Constraint Across Joint,3.0 Worn/ free gesture,2.0 Grounded-On-Different-Body-Part,1.0 Off-The-Shelf Components,7.0 String + Brake,https://doi.org/10.1145/3173574.3174229 ,ACM CHI
62,sinclair2019capstancrunch,2019,1.1.1 Compliance,9.3 Touch,2.3 Forces/Constraint Across Joint,3.0 Worn/ free gesture,2.0 Grounded-On-Different-Body-Part,1.0 Off-The-Shelf Components,7.0 String + Brake,https://doi.org/10.1145/3332165.3347891,ACM UIST
63,sinclair2019capstancrunch,2019,1.1.1 Compliance,2.0 Pressure,2.3 Forces/Constraint Across Joint,3.0 Worn/ free gesture,2.0 Grounded-On-Different-Body-Part,1.0 Off-The-Shelf Components,7.0 String + Brake,https://doi.org/10.1145/3332165.3347891,ACM UIST
64,sinclair2019capstancrunch,2019,1.2.1 Size,Grasp,2.3 Forces/Constraint Across Joint,3.0 Worn/ free gesture,2.0 Grounded-On-Different-Body-Part,1.0 Off-The-Shelf Components,7.0 String + Brake,https://doi.org/10.1145/3332165.3347891,ACM UIST
65,sinclair2019capstancrunch,2019,1.2.1 Size,9.3 Touch,2.3 Forces/Constraint Across Joint,3.0 Worn/ free gesture,2.0 Grounded-On-Different-Body-Part,1.0 Off-The-Shelf Components,7.0 String + Brake,https://doi.org/10.1145/3332165.3347891,ACM UIST
66,sinclair2019capstancrunch,2019,1.2.1 Size,2.0 Pressure,2.3 Forces/Constraint Across Joint,3.0 Worn/ free gesture,2.0 Grounded-On-Different-Body-Part,1.0 Off-The-Shelf Components,7.0 String + Brake,https://doi.org/10.1145/3332165.3347891,ACM UIST
67,zhou2014rml,2015,1.1.1 Compliance,2.0 Pressure,2.3 Forces/Constraint Across Joint,3.0 Worn/ free gesture,2.0 Grounded-On-Different-Body-Part,1.0 Off-The-Shelf Components,2.0 Mechanical Mechanism,https://doi.org/10.1145/3332165.3347891,ACM UIST
68,zhou2014rml,2015,1.1.1 Compliance,3.0 Static Contact,2.3 Forces/Constraint Across Joint,3.0 Worn/ free gesture,2.0 Grounded-On-Different-Body-Part,1.0 Off-The-Shelf Components,2.0 Mechanical Mechanism,https://ieeexplore.ieee.org/document/6750032,IEEE/ASME Transactions on Mechatronics
69,zhou2014rml,2015,1.2.2 Shape,2.0 Pressure,2.3 Forces/Constraint Across Joint,3.0 Worn/ free gesture,2.0 Grounded-On-Different-Body-Part,1.0 Off-The-Shelf Components,2.0 Mechanical Mechanism,https://ieeexplore.ieee.org/document/6750032,IEEE/ASME Transactions on Mechatronics
70,zhou2014rml,2015,1.2.2 Shape,3.0 Static Contact,2.3 Forces/Constraint Across Joint,3.0 Worn/ free gesture,2.0 Grounded-On-Different-Body-Part,1.0 Off-The-Shelf Components,2.0 Mechanical Mechanism,https://ieeexplore.ieee.org/document/6750032,IEEE/ASME Transactions on Mechatronics
71,ben2014sensing,2015,Not Specified,9.2 Passive,2.3 Forces/Constraint Across Joint,3.0 Worn/ free gesture,2.0 Grounded-On-Different-Body-Part,1.0 Off-The-Shelf Components,2.0 Mechanical Mechanism,https://ieeexplore.ieee.org/document/6750032,IEEE/ASME Transactions on Mechatronics
72,sarakoglou2016hexotrac,2016,1.1.1 Compliance,2.0 Pressure,2.3 Forces/Constraint Across Joint,3.0 Worn/ free gesture,2.0 Grounded-On-Different-Body-Part,1.0 Off-The-Shelf Components,2.0 Mechanical Mechanism,https://pubmed.ncbi.nlm.nih.gov/25494512/,IEEE Transactions on Neural Systems and Rehabilitation Engineering
73,sarakoglou2016hexotrac,2016,1.1.1 Compliance,3.0 Static Contact,2.3 Forces/Constraint Across Joint,3.0 Worn/ free gesture,2.0 Grounded-On-Different-Body-Part,1.0 Off-The-Shelf Components,2.0 Mechanical Mechanism,https://ieeexplore.ieee.org/document/7759176,IEEE/RSJ IROS
74,sarakoglou2016hexotrac,2016,1.2.2 Shape,2.0 Pressure,2.3 Forces/Constraint Across Joint,3.0 Worn/ free gesture,2.0 Grounded-On-Different-Body-Part,1.0 Off-The-Shelf Components,2.0 Mechanical Mechanism,https://ieeexplore.ieee.org/document/7759176,IEEE/RSJ IROS
75,sarakoglou2016hexotrac,2016,1.2.2 Shape,3.0 Static Contact,2.3 Forces/Constraint Across Joint,3.0 Worn/ free gesture,2.0 Grounded-On-Different-Body-Part,1.0 Off-The-Shelf Components,2.0 Mechanical Mechanism,https://ieeexplore.ieee.org/document/7759176,IEEE/RSJ IROS
76,gabardi2016new,2016,1.1.3 Texture,1.0 Lateral Motion,2.0 Vibration,3.0 Worn/ free gesture,3.0 Grounded-On-Same-Body-Part,1.0 Off-The-Shelf Components,2.0 Mechanical Mechanism,https://ieeexplore.ieee.org/document/7759176,IEEE/RSJ IROS
77,gabardi2016new,2016,1.1.3 Texture,1.0 Lateral Motion,2.1 Stretch On Skin,3.0 Worn/ free gesture,3.0 Grounded-On-Same-Body-Part,1.0 Off-The-Shelf Components,2.0 Mechanical Mechanism,https://ieeexplore.ieee.org/document/7463168,IEEE HAPTICS
78,gabardi2016new,2016,1.1.3 Texture,3.0 Static Contact,2.0 Vibration,3.0 Worn/ free gesture,3.0 Grounded-On-Same-Body-Part,1.0 Off-The-Shelf Components,2.0 Mechanical Mechanism,https://ieeexplore.ieee.org/document/7463168,IEEE HAPTICS
79,gabardi2016new,2016,1.1.3 Texture,3.0 Static Contact,2.1 Stretch On Skin,3.0 Worn/ free gesture,3.0 Grounded-On-Same-Body-Part,1.0 Off-The-Shelf Components,2.0 Mechanical Mechanism,https://ieeexplore.ieee.org/document/7463168,IEEE HAPTICS
80,kim2016hapthimble,2016,1.1.3 Texture,1.0 Lateral Motion,2.0 Vibration,3.0 Worn/ free gesture,3.0 Grounded-On-Same-Body-Part,1.0 Off-The-Shelf Components,2.0 Mechanical Mechanism,https://ieeexplore.ieee.org/document/7463168,IEEE HAPTICS
81,kim2016hapthimble,2016,1.1.3 Texture,1.0 Lateral Motion,2.1 Stretch On Skin,3.0 Worn/ free gesture,3.0 Grounded-On-Same-Body-Part,1.0 Off-The-Shelf Components,2.0 Mechanical Mechanism,https://doi.org/10.1145/2858036.2858196,ACM CHI
82,kim2016hapthimble,2016,1.1.3 Texture,3.0 Static Contact,2.0 Vibration,3.0 Worn/ free gesture,3.0 Grounded-On-Same-Body-Part,1.0 Off-The-Shelf Components,2.0 Mechanical Mechanism,https://doi.org/10.1145/2858036.2858196,ACM CHI
83,kim2016hapthimble,2016,1.1.3 Texture,3.0 Static Contact,2.1 Stretch On Skin,3.0 Worn/ free gesture,3.0 Grounded-On-Same-Body-Part,1.0 Off-The-Shelf Components,2.0 Mechanical Mechanism,https://doi.org/10.1145/2858036.2858196,ACM CHI
84,chinello2015design,2015,1.1.3 Texture,1.0 Lateral Motion,2.1 Stretch On Skin,3.0 Worn/ free gesture,3.0 Grounded-On-Same-Body-Part,1.0 Off-The-Shelf Components,2.0 Mechanical Mechanism,https://doi.org/10.1145/2858036.2858196,ACM CHI
85,chinello2015design,2015,1.1.3 Texture,3.0 Static Contact,2.1 Stretch On Skin,3.0 Worn/ free gesture,3.0 Grounded-On-Same-Body-Part,1.0 Off-The-Shelf Components,2.0 Mechanical Mechanism,https://ieeexplore.ieee.org/document/7222547,IEEE AIM
86,kim2021heterogeneous,2021,1.2.2 Shape,6.0 Function Test,2.0 Vibration,3.0 Worn/ free gesture,3.0 Grounded-On-Same-Body-Part,1.0 Off-The-Shelf Components,1.0 Spatial Distribution,https://ieeexplore.ieee.org/document/7222547,IEEE AIM
87,yoshida2020pocopo,2020,1.1.2 Curvature,3.0 Static Contact,1.1 Partial Proximate Object,2.0 Grasped/ fixed gesture,5.0 Ungrounded,1.0 Off-The-Shelf Components,1.0 Spatial Distribution,https://dl.acm.org/doi/10.1145/3411764.3445448,ACM CHI
88,yoshida2020pocopo,2020,1.2.2 Shape,3.0 Static Contact,1.1 Partial Proximate Object,2.0 Grasped/ fixed gesture,5.0 Ungrounded,1.0 Off-The-Shelf Components,1.0 Spatial Distribution,https://doi.org/10.1145/3313831.3376358,ACM CHI
89,bianchi2016wearable,2016,1.1.1 Compliance,2.0 Pressure,1.1 Partial Proximate Object,3.0 Worn/ free gesture,3.0 Grounded-On-Same-Body-Part,1.0 Off-The-Shelf Components,3.0 Elastic Material,https://doi.org/10.1145/3313831.3376358,ACM CHI
90,mazursky2021magnetio,2021,3.0 Abstracted,6.0 Function Test,2.0 Vibration,3.0 Worn/ free gesture,3.0 Grounded-On-Same-Body-Part,1.0 Off-The-Shelf Components,None,https://ieeexplore.ieee.org/document/7463190,IEEE HAPTICS
91,nakanishi2014remote,2014,Others,Others,1.0 Whole Proximate Object,1.0 Encountered/free gesture,1.0 Grounded-Off-Body,1.0 Off-The-Shelf Components,2.0 Mechanical Mechanism,https://dl.acm.org/doi/10.1145/3411764.3445543,ACM CHI
92,young20215.0 Ungrounded,2021,1.2.2 Shape,3.0 Static Contact,2.0 Vibration,2.0 Grasped/ fixed gesture,5.0 Ungrounded,1.0 Off-The-Shelf Components,None,https://dl.acm.org/doi/abs/10.1145/2556288.2557169,ACM CHI
93,young20215.0 Ungrounded,2021,1.2.2 Shape,2.0 Pressure,2.0 Vibration,2.0 Grasped/ fixed gesture,5.0 Ungrounded,1.0 Off-The-Shelf Components,None,https://ieeexplore.ieee.org/document/8643741,IEEE Transactions on Industrial Electronics
94,young20215.0 Ungrounded,2021,1.3.1 Mass,3.0 Static Contact,2.0 Vibration,2.0 Grasped/ fixed gesture,5.0 Ungrounded,1.0 Off-The-Shelf Components,None,https://doi.org/10.1145/3025453.3025744,ACM CHI
95,young20215.0 Ungrounded,2021,1.3.1 Mass,2.0 Pressure,2.0 Vibration,2.0 Grasped/ fixed gesture,5.0 Ungrounded,1.0 Off-The-Shelf Components,None,https://doi.org/10.1145/3025453.3025744,ACM CHI
96,yun2019soft,2020,Not Specified,9.2 Passive,2.1 Stretch On Skin,1.0 Encountered/free gesture,2.0 Grounded-On-Different-Body-Part,2.0 Material,1.0 Spatial Distribution,https://doi.org/10.1145/3025453.3025744,ACM CHI
97,schorr2017fingertip,2017,1.1.3 Texture,2.0 Pressure,2.1 Stretch On Skin,3.0 Worn/ free gesture,3.0 Grounded-On-Same-Body-Part,1.0 Off-The-Shelf Components,2.0 Mechanical Mechanism,https://doi.org/10.1145/3025453.3025744,ACM CHI
98,schorr2017fingertip,2017,1.1.3 Texture,4.0 Unsupported Holding,2.1 Stretch On Skin,3.0 Worn/ free gesture,3.0 Grounded-On-Same-Body-Part,1.0 Off-The-Shelf Components,2.0 Mechanical Mechanism,https://doi.org/10.1145/3025453.3025744,ACM CHI
99,schorr2017fingertip,2017,1.1.1 Compliance,2.0 Pressure,2.1 Stretch On Skin,3.0 Worn/ free gesture,3.0 Grounded-On-Same-Body-Part,1.0 Off-The-Shelf Components,2.0 Mechanical Mechanism,https://doi.org/10.1145/3025453.3025744,ACM CHI
100,schorr2017fingertip,2017,1.1.1 Compliance,4.0 Unsupported Holding,2.1 Stretch On Skin,3.0 Worn/ free gesture,3.0 Grounded-On-Same-Body-Part,1.0 Off-The-Shelf Components,2.0 Mechanical Mechanism,https://ieeexplore.ieee.org/document/8048023,IEEE Transactions on Haptics
101,schorr2017fingertip,2017,1.3.1 Mass,2.0 Pressure,2.1 Stretch On Skin,3.0 Worn/ free gesture,3.0 Grounded-On-Same-Body-Part,1.0 Off-The-Shelf Components,2.0 Mechanical Mechanism,https://ieeexplore.ieee.org/document/8048023,IEEE Transactions on Haptics
102,schorr2017fingertip,2017,1.3.1 Mass,4.0 Unsupported Holding,2.1 Stretch On Skin,3.0 Worn/ free gesture,3.0 Grounded-On-Same-Body-Part,1.0 Off-The-Shelf Components,2.0 Mechanical Mechanism,https://ieeexplore.ieee.org/document/7784835,IEEE Transactions on Haptics
103,chinello2017three,2018,1.1.1 Compliance,3.0 Static Contact,2.1 Stretch On Skin,3.0 Worn/ free gesture,3.0 Grounded-On-Same-Body-Part,1.0 Off-The-Shelf Components,2.0 Mechanical Mechanism,https://ieeexplore.ieee.org/document/7784835,IEEE Transactions on Haptics
104,chinello2017three,2018,1.1.1 Compliance,2.0 Pressure,2.1 Stretch On Skin,3.0 Worn/ free gesture,3.0 Grounded-On-Same-Body-Part,1.0 Off-The-Shelf Components,2.0 Mechanical Mechanism,https://ieeexplore.ieee.org/abstract/document/8730428,IEEE Transactions on Haptics
105,leonardis20163,2017,1.1.1 Compliance,3.0 Static Contact,2.1 Stretch On Skin,3.0 Worn/ free gesture,3.0 Grounded-On-Same-Body-Part,1.0 Off-The-Shelf Components,2.0 Mechanical Mechanism,https://ieeexplore.ieee.org/abstract/document/8730428,IEEE Transactions on Haptics
106,leonardis20163,2017,1.1.1 Compliance,2.0 Pressure,2.1 Stretch On Skin,3.0 Worn/ free gesture,3.0 Grounded-On-Same-Body-Part,1.0 Off-The-Shelf Components,2.0 Mechanical Mechanism,https://ieeexplore.ieee.org/abstract/document/8730428,IEEE Transactions on Haptics
107,chen2019fw,2019,1.1.3 Texture,2.0 Pressure,2.1 Stretch On Skin,3.0 Worn/ free gesture,3.0 Grounded-On-Same-Body-Part,1.0 Off-The-Shelf Components,None,https://ieeexplore.ieee.org/abstract/document/8730428,IEEE Transactions on Haptics
108,chen2019fw,2019,1.1.3 Texture,1.0 Lateral Motion,2.1 Stretch On Skin,3.0 Worn/ free gesture,3.0 Grounded-On-Same-Body-Part,1.0 Off-The-Shelf Components,None,https://dl.acm.org/doi/10.1145/3411764.3445463,ACM CHI
109,chen2019fw,2019,1.1.1 Compliance,2.0 Pressure,2.1 Stretch On Skin,3.0 Worn/ free gesture,3.0 Grounded-On-Same-Body-Part,1.0 Off-The-Shelf Components,None,https://dl.acm.org/doi/10.1145/3411764.3445463,ACM CHI
110,chen2019fw,2019,1.1.1 Compliance,1.0 Lateral Motion,2.1 Stretch On Skin,3.0 Worn/ free gesture,3.0 Grounded-On-Same-Body-Part,1.0 Off-The-Shelf Components,None,https://ieeexplore.ieee.org/document/7027232,IEEE Transactions on Haptics
111,singhal2021juicy,2021,1.1.1 Compliance,9.2 Passive,2.0 Vibration,1.0 Encountered/free gesture,5.0 Ungrounded,1.0 Off-The-Shelf Components,None,https://doi.org/10.1145/3126594.3126622,ACM UIST
112,singhal2021juicy,2021,1.5 Force/Motion,9.2 Passive,2.0 Vibration,1.0 Encountered/free gesture,5.0 Ungrounded,1.0 Off-The-Shelf Components,None,https://dl.acm.org/doi/10.1145/3025453.3025741,ACM CHI
113,quek2015sensory,2015,Not Specified,9.1. Tool-Mediated,2.1 Stretch On Skin,2.0 Grasped/ fixed gesture,1.0 Grounded-Off-Body,1.0 Off-The-Shelf Components,2.0 Mechanical Mechanism,https://ieeexplore.ieee.org/document/8103791,IEEE Transactions on Visualization and Computer Graphics
114,han2017frictio,2017,3.0 Abstracted,Others,2.3 Forces/Constraint Across Joint,1.0 Encountered/free gesture,2.0 Grounded-On-Different-Body-Part,1.0 Off-The-Shelf Components,8.0 Track + Brake,https://doi.org/10.1109/HAPTICS45997.2020.ras.HAP20.33.99093c10,IEEE HAPTICS
115,culbertson2017waves,2017,3.0 Abstracted,9.2 Passive,2.0 Vibration,3.0 Worn/ free gesture,3.0 Grounded-On-Same-Body-Part,1.0 Off-The-Shelf Components,4.0 Asysmetric Vibration,https://doi.org/10.1145/3341163.3346935,ACM ISWC
116,tong2017magnetic,2018,1.1.1 Compliance,9.1. Tool-Mediated,1.1 Partial Proximate Object,2.0 Grasped/ fixed gesture,1.0 Grounded-Off-Body,2.0 Material,1.0 Spatial Distribution,https://doi.org/10.1145/3173574.3173894,ACM CHI
117,zarate2020contact,2020,Not Specified,9.1. Tool-Mediated,1.1 Partial Proximate Object,2.0 Grasped/ fixed gesture,1.0 Grounded-Off-Body,2.0 Material,None,https://doi.org/10.1145/3173574.3173894,ACM CHI
118,foo2019iterative,2019,3.0 Abstracted,9.2 Passive,2.1 Stretch On Skin,3.0 Worn/ free gesture,3.0 Grounded-On-Same-Body-Part,2.0 Material,1.0 Spatial Distribution,https://doi.org/10.1145/3313831.3376333,ACM CHI
119,delazio2018force,2018,3.0 Abstracted,9.2 Passive,2.0 Vibration,3.0 Worn/ free gesture,3.0 Grounded-On-Same-Body-Part,1.0 Off-The-Shelf Components,1.0 Spatial Distribution,https://doi.org/10.1145/3313831.3376333,ACM CHI
120,delazio2018force,2018,3.0 Abstracted,9.2 Passive,2.1 Stretch On Skin,3.0 Worn/ free gesture,3.0 Grounded-On-Same-Body-Part,1.0 Off-The-Shelf Components,1.0 Spatial Distribution,https://doi.org/10.1145/3313831.3376491,ACM CHI
121,zhu2020pneusleeve,2020,3.0 Abstracted,9.2 Passive,2.0 Vibration,3.0 Worn/ free gesture,3.0 Grounded-On-Same-Body-Part,1.0 Off-The-Shelf Components,1.0 Spatial Distribution,https://doi.org/10.1145/3313831.3376491,ACM CHI
122,zhu2020pneusleeve,2020,3.0 Abstracted,9.2 Passive,2.1 Stretch On Skin,3.0 Worn/ free gesture,3.0 Grounded-On-Same-Body-Part,1.0 Off-The-Shelf Components,1.0 Spatial Distribution,https://doi.org/10.1145/3242587.3242667,ACM UIST
123,muthukumarana2020touch,2020,3.0 Abstracted,9.2 Passive,2.0 Vibration,3.0 Worn/ free gesture,3.0 Grounded-On-Same-Body-Part,2.0 Material,1.0 Spatial Distribution,https://doi.org/10.1145/3242587.3242667,ACM UIST
124,muthukumarana2020touch,2020,3.0 Abstracted,9.2 Passive,2.1 Stretch On Skin,3.0 Worn/ free gesture,3.0 Grounded-On-Same-Body-Part,2.0 Material,1.0 Spatial Distribution,https://doi.org/10.1145/3242587.3242667,ACM UIST
125,han2018hydroring,2018,Not Specified,Not Specified,2.0 Vibration,3.0 Worn/ free gesture,3.0 Grounded-On-Same-Body-Part,2.0 Material,Others,https://doi.org/10.1145/3242587.3242667,ACM UIST
126,han2018hydroring,2018,Not Specified,Not Specified,2.0 Vibration,3.0 Worn/ free gesture,3.0 Grounded-On-Same-Body-Part,1.0 Off-The-Shelf Components,Others,https://doi.org/10.1145/3313831.3376190,ACM CHI
127,han2018hydroring,2018,Not Specified,Not Specified,2.1 Stretch On Skin,3.0 Worn/ free gesture,3.0 Grounded-On-Same-Body-Part,2.0 Material,Others,https://doi.org/10.1145/3313831.3376190,ACM CHI
128,han2018hydroring,2018,Not Specified,Not Specified,2.1 Stretch On Skin,3.0 Worn/ free gesture,3.0 Grounded-On-Same-Body-Part,1.0 Off-The-Shelf Components,Others,https://doi.org/10.1145/3290605.3300718,ACM CHI
129,han2020hapbead,2020,Not Specified,Not Specified,2.0 Vibration,3.0 Worn/ free gesture,3.0 Grounded-On-Same-Body-Part,2.0 Material,Others,https://doi.org/10.1145/3290605.3300718,ACM CHI
130,han2020hapbead,2020,Not Specified,Not Specified,2.0 Vibration,3.0 Worn/ free gesture,3.0 Grounded-On-Same-Body-Part,1.0 Off-The-Shelf Components,Others,https://doi.org/10.1145/2702123.2702459,ACM CHI
131,hamdan2019springlets,2019,3.0 Abstracted,9.2 Passive,2.1 Stretch On Skin,3.0 Worn/ free gesture,3.0 Grounded-On-Same-Body-Part,2.0 Material,5.0 Modularization,https://doi.org/10.1145/3313831.3376700,ACM CHI
132,hamdan2019springlets,2019,3.0 Abstracted,9.2 Passive,2.1 Stretch On Skin,3.0 Worn/ free gesture,3.0 Grounded-On-Same-Body-Part,2.0 Material,1.0 Spatial Distribution,https://doi.org/10.1145/3173574.3174116,ACM CHI
133,ion2015skin,2015,3.0 Abstracted,9.2 Passive,2.1 Stretch On Skin,3.0 Worn/ free gesture,3.0 Grounded-On-Same-Body-Part,1.0 Off-The-Shelf Components,2.0 Mechanical Mechanism,https://doi.org/10.1145/3126594.3126609,ACM UIST
134,tseng2020skin,2020,3.0 Abstracted,9.2 Passive,Others,3.0 Worn/ free gesture,3.0 Grounded-On-Same-Body-Part,1.0 Off-The-Shelf Components,1.0 Spatial Distribution,"https://www.sciencedirect.com/science/article/abs/pii/S0924424715302090#:~:text=The%20proposed%20multimodal%20tactile%20display,patterns%20to%20the%20operator's%20skin.&text=The%20tactile%20module%20consists%20of,array%20of%20four%20tactile%20cells.",Sensors and Actuators A: Physical
135,je2018pokering,2018,3.0 Abstracted,9.2 Passive,2.1 Stretch On Skin,3.0 Worn/ free gesture,3.0 Grounded-On-Same-Body-Part,2.0 Material,1.0 Spatial Distribution,"https://www.sciencedirect.com/science/article/abs/pii/S0924424715302090#:~:text=The%20proposed%20multimodal%20tactile%20display,patterns%20to%20the%20operator's%20skin.&text=The%20tactile%20module%20consists%20of,array%20of%20four%20tactile%20cells.",Sensors and Actuators A: Physical
136,pece2017magtics,2017,3.0 Abstracted,9.2 Passive,2.1 Stretch On Skin,3.0 Worn/ free gesture,3.0 Grounded-On-Same-Body-Part,2.0 Material,1.0 Spatial Distribution,https://link.springer.com/article/10.1007/s11012-015-0270-5#citeas,Soft Mechatronics
137,gallo2015flexible,2015,1.1.1 Compliance,Not Specified,1.0 Whole Proximate Object,3.0 Worn/ free gesture,3.0 Grounded-On-Same-Body-Part,2.0 Material,1.0 Spatial Distribution,https://link.springer.com/article/10.1007/s11012-015-0270-5#citeas,Soft Mechatronics
138,gallo2015flexible,2015,1.2.2 Shape,Not Specified,1.0 Whole Proximate Object,3.0 Worn/ free gesture,3.0 Grounded-On-Same-Body-Part,2.0 Material,1.0 Spatial Distribution,https://onlinelibrary.wiley.com/doi/abs/10.1002/adma.201700880,Advanced Materials
139,phung2015tactile,2015,Not Specified,Not Specified,2.0 Vibration,1.0 Encountered/free gesture,3.0 Grounded-On-Same-Body-Part,2.0 Material,Others,https://ieeexplore.ieee.org/abstract/document/8713412,IEEE/ASME Transactions on Mechatronics
140,phung2015tactile,2015,Not Specified,Not Specified,2.1 Stretch On Skin,1.0 Encountered/free gesture,3.0 Grounded-On-Same-Body-Part,2.0 Material,Others,https://doi.org/10.1145/2702123.2702569,ACM CHI
141,marette2017flexible,2017,Not Specified,Not Specified,1.1 Partial Proximate Object,1.0 Encountered/free gesture,3.0 Grounded-On-Same-Body-Part,2.0 Material,1.0 Spatial Distribution,https://doi.org/10.1145/3313831.3376655,ACM CHI
142,chen2019development,2019,Not Specified,Not Specified,1.1 Partial Proximate Object,1.0 Encountered/free gesture,5.0 Ungrounded,2.0 Material,None,https://doi.org/10.1145/3173574.3174024,ACM CHI
143,vazquez20153d,2015,1.4  Mechanical Mechanisms,All,1.0 Whole Proximate Object,1.0 Encountered/free gesture,5.0 Ungrounded,1.0 Off-The-Shelf Components,None,https://doi.org/10.1145/3294109.3295622,ACM TEI
144,chang2020kirigami,2020,1.4  Mechanical Mechanisms,All,1.0 Whole Proximate Object,1.0 Encountered/free gesture,5.0 Ungrounded,3.0 Passive,5.0 Modularization,https://doi.org/10.1145/2702123.2702516,ACM CHI
145,kato2018double,2018,1.1.3 Texture,1.0 Lateral Motion,Others,3.0 Worn/ free gesture,3.0 Grounded-On-Same-Body-Part,2.0 Material,Others,https://doi.org/10.1145/3290605.3300470,ACM CHI
146,zheng2019mechamagnets,2019,1.4  Mechanical Mechanisms,All,1.0 Whole Proximate Object,1.0 Encountered/free gesture,5.0 Ungrounded,3.0 Passive,5.0 Modularization,https://doi.org/10.1145/3242587.3242615,ACM UIST
147,ogata2015fluxpaper,2015,1.4  Mechanical Mechanisms,All,1.0 Whole Proximate Object,1.0 Encountered/free gesture,5.0 Ungrounded,3.0 Passive,None,https://doi.org/10.1145/3025453.3025702,ACM CHI
148,yasu2019magnetact,2019,1.4  Mechanical Mechanisms,All,1.0 Whole Proximate Object,1.0 Encountered/free gesture,5.0 Ungrounded,3.0 Passive,5.0 Modularization,https://doi.org/10.1145/3313831.3376552,ACM CHI
149,ogata2018magneto,2018,1.4  Mechanical Mechanisms,All,1.0 Whole Proximate Object,1.0 Encountered/free gesture,5.0 Ungrounded,3.0 Passive,1.0 Spatial Distribution,https://doi.org/10.1145/3290605.3300638,ACM CHI
150,yasu2017magnetic,2017,1.4  Mechanical Mechanisms,All,1.0 Whole Proximate Object,1.0 Encountered/free gesture,5.0 Ungrounded,3.0 Passive,None,https://dl.acm.org/doi/10.1145/3379337.3415836,ACM UIST
151,yasu2020magnelayer,2020,1.4  Mechanical Mechanisms,All,1.0 Whole Proximate Object,1.0 Encountered/free gesture,5.0 Ungrounded,3.0 Passive,1.0 Spatial Distribution,https://dl.acm.org/doi/10.1145/3379337.3415836,ACM UIST
152,mcintosh2019magnetips,2019,3.0 Abstracted,Not Specified,2.3 Forces/Constraint Across Joint,3.0 Worn/ free gesture,2.0 Grounded-On-Different-Body-Part,2.0 Material,Others,https://dl.acm.org/doi/10.1145/3379337.3415836,ACM UIST
153,wei2020elastilinks,2020,1.5 Force/Motion,6.0 Function Test,1.0 Whole Proximate Object,2.0 Grasped/ fixed gesture,1.0 Grounded-Off-Body,1.0 Off-The-Shelf Components,3.0 Elastic Material,https://dl.acm.org/doi/10.1145/3379337.3415836,ACM UIST
154,wei2020elastilinks,2020,1.5 Force/Motion,6.0 Function Test,1.0 Whole Proximate Object,2.0 Grasped/ fixed gesture,5.0 Ungrounded,1.0 Off-The-Shelf Components,3.0 Elastic Material,https://dl.acm.org/doi/10.1145/3379337.3415836,ACM UIST
155,wei2020elastilinks,2020,1.5 Force/Motion,6.0 Function Test,1.0 Whole Proximate Object,2.0 Grasped/ fixed gesture,2.0 Grounded-On-Different-Body-Part,1.0 Off-The-Shelf Components,3.0 Elastic Material,https://dl.acm.org/doi/10.1145/3379337.3415836,ACM UIST
156,wei2020elastilinks,2020,1.5 Force/Motion,6.0 Function Test,1.0 Whole Proximate Object,2.0 Grasped/ fixed gesture,1.0 Grounded-Off-Body,1.0 Off-The-Shelf Components,2.0 Mechanical Mechanism,https://dl.acm.org/doi/10.1145/3379337.3415836,ACM UIST
157,wei2020elastilinks,2020,1.5 Force/Motion,6.0 Function Test,1.0 Whole Proximate Object,2.0 Grasped/ fixed gesture,5.0 Ungrounded,1.0 Off-The-Shelf Components,2.0 Mechanical Mechanism,https://dl.acm.org/doi/10.1145/3379337.3415836,ACM UIST
158,wei2020elastilinks,2020,1.5 Force/Motion,6.0 Function Test,1.0 Whole Proximate Object,2.0 Grasped/ fixed gesture,2.0 Grounded-On-Different-Body-Part,1.0 Off-The-Shelf Components,2.0 Mechanical Mechanism,https://dl.acm.org/doi/10.1145/3379337.3415836,ACM UIST
159,wei2020elastilinks,2020,1.5 Force/Motion,7.0 Part Motion Test,1.0 Whole Proximate Object,2.0 Grasped/ fixed gesture,1.0 Grounded-Off-Body,1.0 Off-The-Shelf Components,3.0 Elastic Material,https://dl.acm.org/doi/10.1145/3379337.3415836,ACM UIST
160,wei2020elastilinks,2020,1.5 Force/Motion,7.0 Part Motion Test,1.0 Whole Proximate Object,2.0 Grasped/ fixed gesture,5.0 Ungrounded,1.0 Off-The-Shelf Components,3.0 Elastic Material,https://dl.acm.org/doi/10.1145/3379337.3415836,ACM UIST
161,wei2020elastilinks,2020,1.5 Force/Motion,7.0 Part Motion Test,1.0 Whole Proximate Object,2.0 Grasped/ fixed gesture,2.0 Grounded-On-Different-Body-Part,1.0 Off-The-Shelf Components,3.0 Elastic Material,https://dl.acm.org/doi/10.1145/3379337.3415836,ACM UIST
162,wei2020elastilinks,2020,1.5 Force/Motion,7.0 Part Motion Test,1.0 Whole Proximate Object,2.0 Grasped/ fixed gesture,1.0 Grounded-Off-Body,1.0 Off-The-Shelf Components,2.0 Mechanical Mechanism,https://dl.acm.org/doi/fullHtml/10.1145/3472749.3474781,ACM UIST
163,wei2020elastilinks,2020,1.5 Force/Motion,7.0 Part Motion Test,1.0 Whole Proximate Object,2.0 Grasped/ fixed gesture,5.0 Ungrounded,1.0 Off-The-Shelf Components,2.0 Mechanical Mechanism,https://dl.acm.org/doi/10.1145/3472749.3474772,ACM UIST
164,wei2020elastilinks,2020,1.5 Force/Motion,7.0 Part Motion Test,1.0 Whole Proximate Object,2.0 Grasped/ fixed gesture,2.0 Grounded-On-Different-Body-Part,1.0 Off-The-Shelf Components,2.0 Mechanical Mechanism,https://www.sciencedirect.com/science/article/abs/pii/S0925400515008461,Sensors and Actuators B: Chemical
165,chu2021motionring,2021,2.0 Effects,6.0 Function Test,2.0 Vibration,3.0 Worn/ free gesture,3.0 Grounded-On-Same-Body-Part,1.0 Off-The-Shelf Components,1.0 Spatial Distribution,https://dl.acm.org/doi/10.1145/3379337.3415854,ACM UIST
166,dementyev2021vhp,2021,1.1.3 Texture,None,2.0 Vibration,3.0 Worn/ free gesture,3.0 Grounded-On-Same-Body-Part,1.0 Off-The-Shelf Components,1.0 Spatial Distribution,https://dl.acm.org/doi/10.1145/3379337.3415854,ACM UIST
167,ganet2015haptic,2015,Not Specified,None,2.0 Vibration,Not specified,Not Specified,2.0 Material,1.0 Spatial Distribution,https://dl.acm.org/doi/10.1145/3379337.3415854,ACM UIST
168,kovacs2020haptic,2020,2.0 Effects,4.0 Unsupported Holding&5.0 Enclosure,1.0 Whole Proximate Object,1.0 Encountered/free gesture,2.0 Grounded-On-Different-Body-Part,1.0 Off-The-Shelf Components,None,https://dl.acm.org/doi/10.1145/3379337.3415854,ACM UIST
169,kovacs2020haptic,2020,2.0 Effects,Others,1.0 Whole Proximate Object,1.0 Encountered/free gesture,2.0 Grounded-On-Different-Body-Part,1.0 Off-The-Shelf Components,None,https://dl.acm.org/doi/10.1145/3379337.3415854,ACM UIST
170,kovacs2020haptic,2020,2.0 Effects,9.4 Throwing,1.0 Whole Proximate Object,1.0 Encountered/free gesture,2.0 Grounded-On-Different-Body-Part,1.0 Off-The-Shelf Components,None,https://dl.acm.org/doi/10.1145/3379337.3415854,ACM UIST
171,kovacs2020haptic,2020,1.2.1 Size&1.3.1 Mass,4.0 Unsupported Holding&5.0 Enclosure,1.0 Whole Proximate Object,1.0 Encountered/free gesture,2.0 Grounded-On-Different-Body-Part,1.0 Off-The-Shelf Components,None,https://doi.org/10.1145/3266037.3266082,ACM UIST
172,kovacs2020haptic,2020,1.2.1 Size&1.3.1 Mass,Others,1.0 Whole Proximate Object,1.0 Encountered/free gesture,2.0 Grounded-On-Different-Body-Part,1.0 Off-The-Shelf Components,None,https://doi.org/10.1145/3313831.3376512,ACM CHI
173,kovacs2020haptic,2020,1.2.1 Size&1.3.1 Mass,13.0 Throwing,1.0 Whole Proximate Object,1.0 Encountered/free gesture,2.0 Grounded-On-Different-Body-Part,1.0 Off-The-Shelf Components,None,https://doi.org/10.1145/3313831.3376512,ACM CHI
174,klamka2018pushables,2018,1.4  Mechanical Mechanisms,2.0 Pressure,1.0 Whole Proximate Object,1.0 Encountered/free gesture,5.0 Ungrounded,3.0 Passive,None,https://dl.acm.org/doi/10.1145/3025453.3026009,ACM CHI
175,preechayasomboon2020chasm,2020,3.0 Abstracted,2.0 Pressure,2.0 Vibration,2.0 Grasped/ fixed gesture,5.0 Ungrounded,2.0 Material,2.0 Mechanical Mechanism,https://doi.org/10.1145/3313831.3376292,ACM CHI
176,preechayasomboon2020chasm,2020,3.0 Abstracted,2.0 Pressure,2.1 Stretch On Skin,2.0 Grasped/ fixed gesture,5.0 Ungrounded,2.0 Material,2.0 Mechanical Mechanism,https://doi.org/10.1145/2858036.2858481,ACM CHI
177,rietzler2017vair,2017,Others,9.2 Passive,Others,3.0 Worn/ free gesture,3.0 Grounded-On-Same-Body-Part,1.0 Off-The-Shelf Components,1.0 Spatial Distribution,https://ieeexplore.ieee.org/document/7565473,IEEE ACCESS
178,wang2020miniature,2020,Others,Others,1.1 Partial Proximate Object,1.0 Encountered/free gesture,1.0 Grounded-Off-Body,1.0 Off-The-Shelf Components,Others,https://doi.org/10.1145/3321335.3324939,ACM PerDis
179,makino2016haptoclone,2016,3.0 Abstracted,3.0 Static Contact,2.0 Vibration,1.0 Encountered/free gesture,1.0 Grounded-Off-Body,1.0 Off-The-Shelf Components,None,https://ieeexplore.ieee.org/document/8633421,IEEE Transactions on Haptics
180,korres2016haptogram,2016,1.2.2 Shape,9.0 Scanning,2.0 Vibration,1.0 Encountered/free gesture,1.0 Grounded-Off-Body,1.0 Off-The-Shelf Components,None,https://ieeexplore.ieee.org/document/8816101,IEEE WHC
181,freeman2019enhancing,2019,Others,9.0 Scanning,Others,1.0 Encountered/free gesture,1.0 Grounded-Off-Body,1.0 Off-The-Shelf Components,None,https://ieeexplore.ieee.org/document/8816137/,IEEE WHC
182,pittera2019creating,2019,3.0 Abstracted,9.2 Passive,2.0 Vibration,1.0 Encountered/free gesture,1.0 Grounded-Off-Body,1.0 Off-The-Shelf Components,None,https://ieeexplore.ieee.org/document/8920969/,IEEE HAVE
183,ito2019midair,2019,1.4  Mechanical Mechanisms,2.0 Pressure,2.0 Vibration,1.0 Encountered/free gesture,1.0 Grounded-Off-Body,1.0 Off-The-Shelf Components,None,https://doi.org/10.1145/3290605.3300905,ACM CHI
184,barreiro2019ultrasound,2019,Others,All,1.1 Partial Proximate Object,1.0 Encountered/free gesture,1.0 Grounded-Off-Body,1.0 Off-The-Shelf Components,None,https://dl.acm.org/doi/10.1145/3332165.3347955,ACM UIST
185,ablart2019using,2019,3.0 Abstracted,9.2 Passive,1.1 Partial Proximate Object,1.0 Encountered/free gesture,1.0 Grounded-Off-Body,1.0 Off-The-Shelf Components,None,https://doi.org/10.1145/2807442.2807443,ACM UIST
186,sra2019adding,2019,2.0 Effects,9.2 Passive,Others,3.0 Worn/ free gesture,3.0 Grounded-On-Same-Body-Part,None,None,https://doi.org/10.1145/2807442.2807443,ACM UIST
187,boldu2019m,2019,2.0 Effects,9.2 Passive,Others,1.0 Encountered/free gesture,Not Specified,1.0 Off-The-Shelf Components,None,https://doi.org/10.1145/3025453.3025600,ACM CHI
188,lopes2015impacto,2015,2.0 Effects,9.2 Passive,2.1 Stretch On Skin,3.0 Worn/ free gesture,3.0 Grounded-On-Same-Body-Part,5.0 Electrical Muscle Stimulation,None,https://ieeexplore.ieee.org/document/7494918,IEEE Transactions on Haptics
189,lopes2015impacto,2015,2.0 Effects,9.2 Passive,2.3 Forces/Constraint Across Joint,3.0 Worn/ free gesture,3.0 Grounded-On-Same-Body-Part,5.0 Electrical Muscle Stimulation,None,https://doi.org/10.1145/3313831.3376353,ACM CHI
190,lopes2017providing,2017,1.3.1 Mass,9.2 Passive,Others,3.0 Worn/ free gesture,3.0 Grounded-On-Same-Body-Part,5.0 Electrical Muscle Stimulation,None,https://doi.org/10.1145/2858036.2858264,ACM CHI
191,spiers2016design,2017,3.0 Abstracted,All,1.0 Whole Proximate Object,1.0 Encountered/free gesture,5.0 Ungrounded,1.0 Off-The-Shelf Components,None,https://dl.acm.org/doi/10.1145/3379337.3415862,ACM UIST
192,siu2020virtual,2020,1.2.2 Shape,9.1. Tool-Mediated,2.3 Forces/Constraint Across Joint,2.0 Grasped/ fixed gesture,5.0 Ungrounded,1.0 Off-The-Shelf Components,8.0 Track + Brake,https://onlinelibrary.wiley.com/doi/abs/10.1002/smll.201702312,Small
193,jang2016haptic,2016,3.0 Abstracted,All,1.1 Partial Proximate Object,1.0 Encountered/free gesture,5.0 Ungrounded,2.0 Material,1.0 Spatial Distribution,https://ieeexplore.ieee.org/document/8725948,IEEE Transactions on Industrial Electronics
194,ryu2020elastick,2020,1.3.3 Mass Redistribution/Damped Oscillation,8.0 Shaking,1.0 Whole Proximate Object,2.0 Grasped/ fixed gesture,5.0 Ungrounded,1.0 Off-The-Shelf Components,3.0 Elastic Material,https://ieeexplore.ieee.org/abstract/document/8581471?casa_token=jPWHsrkkq4sAAAAA:GDrZFbowCBHztVE9KKcFh4t-la4XtcCVWNZQpiOsBXk2_4UfQ8zoIcriJq3rbq8ezVTa4TAK9DY,IEEE Robotics and Automation Letters
195,tiwari2018highly,2018,1.1.3 Texture,All,1.1 Partial Proximate Object,1.0 Encountered/free gesture,5.0 Ungrounded,2.0 Material,1.0 Spatial Distribution,https://pubs.rsc.org/en/content/articlelanding/2015/ra/c5ra03043a,RSC Advances
196,park2019soft,2020,Not Specified,Not Specified,1.1 Partial Proximate Object,Not specified,Not Specified,2.0 Material,None,https://doi.org/10.1145/3332165.3347888,ACM UIST
197,barreiros2018fluidic,2019,1.2.2 Shape,All,1.0 Whole Proximate Object,1.0 Encountered/free gesture,Not Specified,2.0 Material,5.0 Modularization,https://onlinelibrary.wiley.com/doi/abs/10.1002/smll.201801603,Small
198,mohiuddin2015flexible,2015,Not Specified,Not Specified,2.0 Vibration,Not specified,Not Specified,2.0 Material,,https://dl.acm.org/doi/10.1145/3411764.3445676,ACM CHI
199,yoon2019hapsense,2019,Not Specified,Not Specified,2.0 Vibration,Not specified,Not Specified,2.0 Material,None,https://www.liebertpub.com/doi/10.1089/soro.2019.0113,Soft Robotics
200,jun2018electroactive,2018,1.1.3 Texture,1.0 Lateral Motion,1.1 Partial Proximate Object,1.0 Encountered/free gesture,Not Specified,2.0 Material,None,https://onlinelibrary.wiley.com/doi/full/10.1002/advs.201700410,Advanced Science
201,huppert2021guidecopter,2021,3.0 Abstracted,None,2.3 Forces/Constraint Across Joint,3.0 Worn/ free gesture,4.0 Moving-Off-Body,1.0 Off-The-Shelf Components,None,https://science.sciencemag.org/content/365/6449/145,Science
202,zhao2020wearable,2020,Not Specified,Not Specified,2.1 Stretch On Skin,3.0 Worn/ free gesture,3.0 Grounded-On-Same-Body-Part,2.0 Material,1.0 Spatial Distribution,https://onlinelibrary.wiley.com/doi/abs/10.1002/adfm.201500673,Advanced Functional Materials
203,roy2017electroionic,2017,Not Specified,Not Specified,1.1 Partial Proximate Object,Not specified,Not Specified,2.0 Material,None,http://dx.doi.org/10.1039/C5SM00707K,Soft Matter
204,kanik2019strain,2019,Not Specified,Not Specified,1.1 Partial Proximate Object,Not specified,Not Specified,2.0 Material,None,https://www.sciencedirect.com/science/article/pii/S0924424718318636?casa_token=XkzhAeOSLrkAAAAA:BHdT8v0tq5FpwK4rHW64el4U3nDTA_oPZlIMmfOPp0LwesJZ_ZlkdAalix-SXl1y9PGBWi7z_Zx5 ,Sensors and Actuators A: Physical
205,kim2015high,2015,Not Specified,Not Specified,1.1 Partial Proximate Object,Not specified,Not Specified,2.0 Material,None,https://onlinelibrary.wiley.com/doi/abs/10.1002/admt.201700102,Advanced Materials Technologies
206,wang2016soft,2016,Not Specified,Not Specified,2.1 Stretch On Skin,Not specified,Not Specified,2.0 Material,None,https://iopscience.iop.org/article/10.1088/1361-665X/aa860d/pdf?casa_token=S0VXV4jH1XEAAAAA:zTqo8iZ4nWDq0q7iWnyE-lKScPdtqDuCKUfOiLjc5Id15NiMA46e5rwdChpM44OJ1nsgiXF38hWihjVuYpJF4Q,Smart Materials and Structures
207,carpenter2019healable,2019,Not Specified,Not Specified,2.3 Forces/Constraint Across Joint,3.0 Worn/ free gesture,2.0 Grounded-On-Different-Body-Part,2.0 Material,None,https://ieeexplore.ieee.org/document/7177691,IEEE WHC
208,besse2017flexible,2017,Not Specified,Not Specified,2.1 Stretch On Skin,3.0 Worn/ free gesture,3.0 Grounded-On-Same-Body-Part,2.0 Material,1.0 Spatial Distribution,https://doi.org/10.1145/3173574.3174000,ACM CHI
209,hwang2017design,2017,Not Specified,Not Specified,2.1 Stretch On Skin,3.0 Worn/ free gesture,3.0 Grounded-On-Same-Body-Part,2.0 Material,Others,https://www.sciencedirect.com/science/article/abs/pii/S0957415818300072,Mechatronics
210,shultz2015surface,2015,Not Specified,Not Specified,1.0 Whole Proximate Object,Not specified,Not Specified,2.0 Material,None,https://ieeexplore.ieee.org/document/7101278,IEEE/ASME Transactions on Mechatronics
211,gong2018jetto,2018,3.0 Abstracted,9.2 Passive,2.1 Stretch On Skin,3.0 Worn/ free gesture,3.0 Grounded-On-Same-Body-Part,1.0 Off-The-Shelf Components,None,https://ieeexplore.ieee.org/document/7318573,IEEE Engineering in Medicine and Biology Society
212,pinskier2018development,2018,Not Specified,Not Specified,2.3 Forces/Constraint Across Joint,2.0 Grasped/ fixed gesture,1.0 Grounded-Off-Body,2.0 Material,2.0 Mechanical Mechanism,https://doi.org/10.1145/2858036.2858104,ACM CHI
213,najmaei2015design,2016,Not Specified,Not Specified,2.3 Forces/Constraint Across Joint,2.0 Grasped/ fixed gesture,1.0 Grounded-Off-Body,2.0 Material,2.0 Mechanical Mechanism,https://doi.org/10.1145/2858036.2858104,ACM CHI
214,rizzo2015displaying,2015,Others,Not Specified,1.1 Partial Proximate Object,Not specified,Not Specified,2.0 Material,None,https://doi.org/10.1145/3025453.3025812,ACM CHI
215,nakagaki2016materiable,2016,1.2.2 Shape,All,1.1 Partial Proximate Object,1.0 Encountered/free gesture,1.0 Grounded-Off-Body,1.0 Off-The-Shelf Components,1.0 Spatial Distribution,https://doi.org/10.1145/2858036.2858544,ACM CHI
216,nakagaki2016materiable,2016,1.1.1 Compliance,All,1.1 Partial Proximate Object,1.0 Encountered/free gesture,1.0 Grounded-Off-Body,1.0 Off-The-Shelf Components,1.0 Spatial Distribution,https://doi.org/10.1145/2839462.2839494,ACM TEI
217,strohmeier2017generating,2017,1.1.3 Texture,1.0 Lateral Motion,2.0 Vibration,1.0 Encountered/free gesture,Not Specified,1.0 Off-The-Shelf Components,None,https://ui.adsabs.harvard.edu/abs/2020SMaS...29e5028M/abstract,Smart Materials and Structures
218,sahoo2016tablehop,2016,1.1.3 Texture,1.0 Lateral Motion,1.1 Partial Proximate Object,1.0 Encountered/free gesture,1.0 Grounded-Off-Body,2.0 Material,1.0 Spatial Distribution,https://www.nature.com/articles/s41586-019-1687-0?ref=mainstreem-dotcom/,Nature
219,strohmeier2016reflex,2016,1.5 Force/Motion,Others,1.0 Whole Proximate Object,1.0 Encountered/free gesture,5.0 Ungrounded,1.0 Off-The-Shelf Components,None,https://www.nature.com/articles/s41586-019-1687-0?ref=mainstreem-dotcom/,Nature
220,mazursky2020compact,2020,Not Specified,Not Specified,2.1 Stretch On Skin,Not specified,Not Specified,2.0 Material,None,https://dl.acm.org/doi/10.1145/2207676.2208731,ACM CHI
221,mintchev2019portable,2019,Not Specified,Others,2.3 Forces/Constraint Across Joint,2.0 Grasped/ fixed gesture,5.0 Ungrounded,1.0 Off-The-Shelf Components,2.0 Mechanical Mechanism,https://doi.org/10.1145/2984511.2984526,ACM UIST
222,yu2019skin,2019,Not Specified,Not Specified,2.0 Vibration,3.0 Worn/ free gesture,3.0 Grounded-On-Same-Body-Part,2.0 Material,1.0 Spatial Distribution,https://doi.org/10.1145/2984511.2984527,ACM UIST
223,badshah2012gyrotab,2012,3.0 Abstracted,9.2 Passive,2.3 Forces/Constraint Across Joint,2.0 Grasped/ fixed gesture,5.0 Ungrounded,4.0 Exsiting Devices,Others,https://doi.org/10.1145/2984511.2984526,ACM UIST
224,benko2016normaltouch,2016,1.2.2 Shape,3.0 Static Contact,1.1 Partial Proximate Object,1.0 Encountered/free gesture,5.0 Ungrounded,1.0 Off-The-Shelf Components,2.0 Mechanical Mechanism,https://doi.org/10.1145/2984511.2984527,ACM UIST
225,benko2016normaltouch,2016,1.2.2 Shape,3.0 Static Contact,1.1 Partial Proximate Object,1.0 Encountered/free gesture,5.0 Ungrounded,1.0 Off-The-Shelf Components,1.0 Spatial Distribution,https://doi.org/10.1145/2984511.2984526,ACM UIST
226,benko2016normaltouch,2016,1.1.3 Texture,3.0 Static Contact,1.1 Partial Proximate Object,1.0 Encountered/free gesture,5.0 Ungrounded,1.0 Off-The-Shelf Components,1.0 Spatial Distribution,https://doi.org/10.1145/2984511.2984527,ACM UIST
227,wilson2014perception,2014,3.0 Abstracted,9.2 Passive,2.0 Vibration,1.0 Encountered/free gesture,1.0 Grounded-Off-Body,1.0 Off-The-Shelf Components,None,https://dl.acm.org/doi/10.1145/2556288.2557033,ACM CHI
228,portolesdiez2021novel,2021,1.1.1 Compliance,1.0 Lateral Motion,2.0 Vibration,2.0 Grasped/ fixed gesture,1.0 Grounded-Off-Body,1.0 Off-The-Shelf Components,None,https://ieeexplore.ieee.org/document/9381693,IEEE Transactions on Haptics
229,portolesdiez2021novel,2021,1.1.1 Compliance,1.0 Lateral Motion,2.3 Forces/Constraint Across Joint,2.0 Grasped/ fixed gesture,1.0 Grounded-Off-Body,1.0 Off-The-Shelf Components,None,https://ieeexplore.ieee.org/document/9381693,IEEE Transactions on Haptics
230,portolesdiez2021novel,2021,1.1.2 Curvature,1.0 Lateral Motion,2.1 Stretch On Skin,2.0 Grasped/ fixed gesture,1.0 Grounded-Off-Body,1.0 Off-The-Shelf Components,None,https://ieeexplore.ieee.org/document/9381693,IEEE Transactions on Haptics
231,portolesdiez2021novel,2021,1.1.2 Curvature,1.0 Lateral Motion,2.3 Forces/Constraint Across Joint,2.0 Grasped/ fixed gesture,1.0 Grounded-Off-Body,1.0 Off-The-Shelf Components,None,https://ieeexplore.ieee.org/document/9381693,IEEE Transactions on Haptics
232,wang2020position,2020,1.1.1 Compliance,2.0 Pressure,2.3 Forces/Constraint Across Joint,2.0 Grasped/ fixed gesture,1.0 Grounded-Off-Body,1.0 Off-The-Shelf Components,2.0 Mechanical Mechanism,https://ieeexplore.ieee.org/abstract/document/9293394,IEEE Transactions on Haptics
233,macgavin2021protactile,2021,3.0 Abstracted,9.2 Passive,2.0 Vibration,3.0 Worn/ free gesture,3.0 Grounded-On-Same-Body-Part,1.0 Off-The-Shelf Components,1.0 Spatial Distribution,https://ieeexplore.ieee.org/stamp/stamp.jsp?tp=&arnumber=9417720,IEEE Transactions on Haptics
234,macgavin2021protactile,2021,3.0 Abstracted,9.2 Passive,2.1 Stretch On Skin,3.0 Worn/ free gesture,3.0 Grounded-On-Same-Body-Part,1.0 Off-The-Shelf Components,1.0 Spatial Distribution,https://ieeexplore.ieee.org/stamp/stamp.jsp?tp=&arnumber=9417720,IEEE Transactions on Haptics
235,shabani2021haptic,2021,3.0 Abstracted,9.2 Passive,2.0 Vibration,3.0 Worn/ free gesture,3.0 Grounded-On-Same-Body-Part,1.0 Off-The-Shelf Components,None,https://ieeexplore.ieee.org/stamp/stamp.jsp?tp=&arnumber=9423549,IEEE Transactions on Haptics
236,daunizeau2021phononic,2021,1.1.3 Texture,1.0 Lateral Motion,2.0 Vibration,1.0 Encountered/free gesture,5.0 Ungrounded,2.0 Material,None,https://ieeexplore.ieee.org/stamp/stamp.jsp?tp=&arnumber=9400743,IEEE Transactions on Haptics
237,abe2021remote,2021,1.1.3 Texture,1.0 Lateral Motion,2.0 Vibration,1.0 Encountered/free gesture,1.0 Grounded-Off-Body,1.0 Off-The-Shelf Components,None,https://ieeexplore.ieee.org/stamp/stamp.jsp?tp=&arnumber=9416825,IEEE Transactions on Haptics
238,bhatia2021soma,2021,3.0 Abstracted,9.2 Passive,2.0 Vibration,3.0 Worn/ free gesture,3.0 Grounded-On-Same-Body-Part,1.0 Off-The-Shelf Components,None,https://dl.acm.org/doi/abs/10.1145/3411764.3445123,ACM CHI
239,bhatia2021soma,2021,3.0 Abstracted,9.2 Passive,2.1 Stretch On Skin,3.0 Worn/ free gesture,3.0 Grounded-On-Same-Body-Part,1.0 Off-The-Shelf Components,None,https://dl.acm.org/doi/abs/10.1145/3411764.3445123,ACM CHI
240,kawazoe2021tactile,2021,3.0 Abstracted,Others,2.0 Vibration,3.0 Worn/ free gesture,3.0 Grounded-On-Same-Body-Part,1.0 Off-The-Shelf Components,None,https://ieeexplore.ieee.org/stamp/stamp.jsp?tp=&arnumber=9442315,IEEE Transactions on Haptics
241,feick2021visuo,2021,1.5 Force/Motion,7.0 Part Motion Test,1.0 Whole Proximate Object,1.0 Encountered/free gesture,Not Specified,1.0 Off-The-Shelf Components,None,https://dl.acm.org/doi/abs/10.1145/3411764.3445456,ACM CHI
242,hachisu2014vacuumtouch,2014,3.0 Abstracted,3.0 Static Contact,2.1 Stretch On Skin,1.0 Encountered/free gesture,5.0 Ungrounded,1.0 Off-The-Shelf Components,None,https://dl.acm.org/doi/10.1145/2556288.2557252,ACM CHI
243,doucette2013effects,2013,3.0 Abstracted,9.2 Passive,2.0 Vibration,3.0 Worn/ free gesture,5.0 Ungrounded,1.0 Off-The-Shelf Components,None,https://dl.acm.org/doi/10.1145/2470654.2466250,ACM CHI
244,hoggan2012pressages,2012,3.0 Abstracted,9.2 Passive,2.0 Vibration,1.0 Encountered/free gesture,5.0 Ungrounded,4.0 Exsiting Devices,None,https://dl.acm.org/doi/10.1145/2380116.2380185,ACM CHI
245,tam2013design,2013,3.0 Abstracted,9.2 Passive,2.0 Vibration,3.0 Worn/ free gesture,5.0 Ungrounded,1.0 Off-The-Shelf Components,None,https://dl.acm.org/doi/10.1145/2470654.2466223,ACM CHI
246,park2013roles,2013,3.0 Abstracted,9.2 Passive,1.1 Partial Proximate Object,1.0 Encountered/free gesture,5.0 Ungrounded,1.0 Off-The-Shelf Components,None,https://dl.acm.org/doi/10.1145/2470654.2466222,ACM CHI
247,monnai2014haptomime,2014,3.0 Abstracted,9.2 Passive,2.1 Stretch On Skin,1.0 Encountered/free gesture,1.0 Grounded-Off-Body,1.0 Off-The-Shelf Components,None,https://dl.acm.org/doi/10.1145/2642918.2647407,ACM CHI
248,nakagawa2012mimictile,2012,3.0 Abstracted,Others,1.0 Whole Proximate Object,1.0 Encountered/free gesture,5.0 Ungrounded,2.0 Material,Others,https://dl.acm.org/doi/10.1145/2207676.2207782,ACM CHI
249,lee2012funneling,2012,3.0 Abstracted,9.2 Passive,2.0 Vibration,1.0 Encountered/free gesture,5.0 Ungrounded,1.0 Off-The-Shelf Components,Others,https://dl.acm.org/doi/10.1145/2207676.2208729,ACM CHI
250,prasad2014haptimoto,2014,3.0 Abstracted,9.2 Passive,2.0 Vibration,3.0 Worn/ free gesture,3.0 Grounded-On-Same-Body-Part,1.0 Off-The-Shelf Components,1.0 Spatial Distribution,https://dl.acm.org/doi/10.1145/2556288.2557404,ACM CHI
251,mullenbach2014exploring,2014,1.1.3 Texture,1.0 Lateral Motion,2.0 Vibration,1.0 Encountered/free gesture,5.0 Ungrounded,1.0 Off-The-Shelf Components,1.0 Spatial Distribution,https://dl.acm.org/doi/10.1145/2556288.2557343,ACM CHI
252,heo2019pseudobend,2019,1.4  Mechanical Mechanisms,7.0 Part Motion Test,2.0 Vibration,2.0 Grasped/ fixed gesture,5.0 Ungrounded,1.0 Off-The-Shelf Components,None,https://dl.acm.org/doi/10.1145/3332165.3347941,ACM UIST
